{"stat.walkOneCm":395822,"stat.leaveGame":7,"stat.useItem.minecraft.log":1,"stat.useItem.minecraft.diamond_sword":1,"stat.jump":706,"stat.fallOneCm":11796,"stat.useItem.minecraft.planks":16,"stat.climbOneCm":886,"stat.useItem.minecraft.sea_lantern":1,"stat.crouchOneCm":36747,"stat.enderchestOpened":9,"stat.sprintOneCm":151964,"achievement.exploreAllBiomes":{"value":0,"progress":["Beach","Roofed Forest","Jungle","Forest","River","Ocean","Plains","Desert","Savanna","Deep Ocean"]},"stat.useItem.minecraft.bed":1,"achievement.openInventory":18,"stat.useItem.minecraft.iron_sword":14,"stat.damageTaken":1473,"stat.flyOneCm":775342,"stat.deaths":10,"stat.useItem.minecraft.ender_pearl":1,"stat.playOneMinute":118578,"stat.useItem.minecraft.wooden_sword":4,"stat.damageDealt":1308,"stat.useItem.minecraft.wool":130,"stat.timeSinceDeath":3482,"stat.useItem.minecraft.wooden_slab":3}