{"stat.chestOpened":10,"stat.useItem.minecraft.bow":25,"stat.walkOneCm":141006,"stat.leaveGame":3,"stat.useItem.minecraft.tnt":1,"stat.jump":436,"stat.useItem.minecraft.planks":69,"stat.fallOneCm":26802,"stat.crouchOneCm":7575,"stat.mineBlock.minecraft.wool":5,"stat.sprintOneCm":93280,"achievement.exploreAllBiomes":{"value":0,"progress":["Beach","Roofed Forest","Jungle","Ocean","River","Forest","Plains","Deep Ocean"]},"stat.useItem.minecraft.iron_sword":7,"stat.damageTaken":1525,"stat.useItem.minecraft.golden_apple":2,"stat.flyOneCm":102345,"stat.mineBlock.minecraft.planks":2,"stat.deaths":7,"stat.playOneMinute":23686,"stat.damageDealt":175,"stat.useItem.minecraft.wool":97,"stat.timeSinceDeath":804,"stat.useItem.minecraft.spawn_egg":1}