{"stat.walkOneCm":108854,"stat.useItem.minecraft.painting":29,"stat.leaveGame":2,"stat.useItem.minecraft.stained_glass_pane":1,"stat.jump":398,"stat.fallOneCm":19142,"stat.climbOneCm":846,"stat.useItem.minecraft.planks":43,"stat.useItem.minecraft.item_frame":2,"stat.crouchOneCm":8161,"stat.useItem.minecraft.stained_hardened_clay":11,"stat.useItem.minecraft.dirt":3,"stat.useItem.minecraft.leaves":1,"stat.sprintOneCm":44371,"achievement.exploreAllBiomes":{"value":0,"progress":["DesertHills","Roofed Forest","Jungle","Forest","Plains","Desert"]},"stat.useItem.minecraft.stone_slab":2,"achievement.openInventory":27,"stat.flyOneCm":197655,"stat.deaths":4,"stat.drop":1,"stat.playOneMinute":25711,"stat.timeSinceDeath":25715,"stat.mineBlock.minecraft.dirt":1,"stat.useItem.minecraft.sign":9,"stat.mineBlock.minecraft.tallgrass":1}