{"stat.chestOpened":6,"stat.useItem.minecraft.bow":6,"stat.walkOneCm":716430,"stat.playerKills":4,"stat.useItem.minecraft.stone":1,"stat.leaveGame":36,"stat.useItem.minecraft.log":1,"stat.useItem.minecraft.ender_chest":1,"stat.talkedToVillager":1,"stat.useItem.minecraft.diamond_sword":6,"stat.jump":2406,"stat.useItem.minecraft.sand":4,"stat.useItem.minecraft.snow":2,"stat.fallOneCm":51777,"stat.climbOneCm":271,"stat.useItem.minecraft.planks":26,"stat.crouchOneCm":48075,"stat.enderchestOpened":2,"stat.useItem.minecraft.spruce_fence":5,"stat.sprintOneCm":496826,"stat.useItem.minecraft.stained_glass":1,"achievement.exploreAllBiomes":{"value":0,"progress":["Mesa Plateau F","Mesa","ForestHills","Roofed Forest","Plains","Beach","Mega Taiga Hills","Jungle","Ice Plains","River","Forest","Ocean","Taiga","Desert","Mega Taiga","Swampland","Deep Ocean"]},"stat.useItem.minecraft.stone_slab":64,"stat.useItem.minecraft.bed":8,"achievement.openInventory":19,"stat.useItem.minecraft.iron_sword":8,"stat.useItem.minecraft.barrier":15,"stat.damageTaken":464,"stat.useItem.minecraft.stone_brick_stairs":3,"stat.mobKills":1,"stat.flyOneCm":1980351,"stat.playOneMinute":200251,"stat.useItem.minecraft.wooden_sword":7,"stat.killEntity.Villager":1,"stat.damageDealt":1580,"stat.useItem.minecraft.wool":169,"stat.timeSinceDeath":200251,"stat.useItem.minecraft.wooden_slab":9}