{"stat.chestOpened":1,"stat.walkOneCm":1022115,"stat.useItem.minecraft.stone":47,"stat.leaveGame":42,"stat.useItem.minecraft.carpet":33,"stat.useItem.minecraft.diamond_sword":6,"stat.useItem.minecraft.glowstone":14,"stat.jump":2814,"stat.fallOneCm":141010,"stat.useItem.minecraft.planks":1,"stat.useItem.minecraft.item_frame":115,"stat.useItem.minecraft.sea_lantern":1,"stat.crouchOneCm":51421,"stat.mineBlock.minecraft.wool":2,"stat.enderchestOpened":2,"stat.useItem.minecraft.dirt":2,"stat.sprintOneCm":615082,"stat.useItem.minecraft.stained_glass":5,"achievement.exploreAllBiomes":{"value":0,"progress":["Savanna Plateau","Roofed Forest","Plains","Beach","DesertHills","Mega Taiga Hills","Jungle","Forest","River","Ocean","Desert","Taiga","Mega Taiga","Savanna","Deep Ocean"]},"achievement.openInventory":162,"stat.useItem.minecraft.barrier":3,"stat.damageTaken":334198,"stat.mineBlock.minecraft.glowstone":3,"stat.mobKills":2,"stat.mineBlock.minecraft.carpet":15,"stat.flyOneCm":2105638,"stat.deaths":41,"stat.drop":3,"stat.playOneMinute":487420,"stat.useItem.minecraft.wooden_sword":7,"stat.killEntity.Sheep":1,"stat.mineBlock.minecraft.glass":1,"stat.damageDealt":1018,"stat.useItem.minecraft.wool":133,"stat.timeSinceDeath":54374,"stat.useItem.minecraft.wooden_slab":10}