{"stat.useItem.minecraft.bow":13,"stat.walkOneCm":475458,"achievement.openInventory":14,"stat.useItem.minecraft.iron_sword":4,"stat.useItem.minecraft.snowball":1,"stat.leaveGame":4,"stat.damageTaken":6415,"stat.flyOneCm":310163,"stat.deaths":30,"stat.jump":1306,"stat.playOneMinute":63050,"stat.fallOneCm":46885,"stat.useItem.minecraft.planks":58,"stat.climbOneCm":4621,"stat.damageDealt":245,"stat.crouchOneCm":21594,"stat.useItem.minecraft.wool":401,"stat.mineBlock.minecraft.wool":4,"stat.enderchestOpened":8,"stat.timeSinceDeath":3409,"stat.sprintOneCm":357322,"stat.useItem.minecraft.spawn_egg":1,"achievement.exploreAllBiomes":{"value":0,"progress":["Beach","Roofed Forest","Jungle","Ocean","River","Forest","Plains"]}}