{"stat.chestOpened":1,"stat.walkOneCm":445060,"stat.playerKills":1,"achievement.openInventory":7,"stat.useItem.minecraft.iron_sword":1,"stat.leaveGame":4,"stat.damageTaken":8688,"stat.flyOneCm":472169,"stat.deaths":44,"stat.jump":1627,"stat.playOneMinute":48858,"stat.fallOneCm":54986,"stat.climbOneCm":1732,"stat.damageDealt":105,"stat.crouchOneCm":14630,"stat.useItem.minecraft.wool":234,"stat.mineBlock.minecraft.wool":1,"stat.timeSinceDeath":840,"stat.sprintOneCm":388289,"achievement.exploreAllBiomes":{"value":0,"progress":["Beach","Roofed Forest","Jungle","Forest","Ocean","River","Plains","Deep Ocean"]}}