{"stat.useItem.minecraft.bow":6,"stat.walkOneCm":511821,"stat.useItem.minecraft.quartz_block":46,"stat.useItem.minecraft.stone":31,"stat.useItem.minecraft.quartz_stairs":45,"stat.leaveGame":24,"stat.useItem.minecraft.tnt":1,"stat.useItem.minecraft.glowstone":8,"stat.useItem.minecraft.end_stone":53,"stat.jump":734,"stat.fallOneCm":20872,"stat.useItem.minecraft.planks":53,"stat.useItem.minecraft.item_frame":206,"stat.crouchOneCm":8802,"stat.useItem.minecraft.stained_hardened_clay":8,"stat.sprintOneCm":236309,"stat.useItem.minecraft.tallgrass":3,"achievement.exploreAllBiomes":{"value":0,"progress":["Beach","Roofed Forest","Jungle","Ocean","Forest","River","Plains","Desert","Deep Ocean"]},"stat.useItem.minecraft.stone_slab":25,"achievement.openInventory":130,"stat.useItem.minecraft.iron_sword":7,"stat.damageTaken":62,"stat.useItem.minecraft.golden_apple":1,"stat.flyOneCm":577254,"stat.deaths":55,"stat.playOneMinute":262795,"stat.useItem.minecraft.wooden_sword":13,"stat.useItem.minecraft.stone_sword":8,"stat.damageDealt":1860,"stat.timeSinceDeath":60305}